﻿<?xml version="1.0" encoding="utf-8" ?>
<log4net debug="true">

  <appender name="FileAppender" type="log4net.Appender.FileAppender">
    <file value="C:\Data\MSBuildExamples\Examples.Loggers\bin\Debug\Samples\log-file.txt" />

    <layout type="log4net.Layout.PatternLayout">
      <appendToFile value="false" />
      <!--<conversionPattern value="%date [%thread] %-5level %logger [%property{NDC}] - %message%newline" />-->
      <conversionPattern value="%message" />
    </layout>
  </appender>

  <root>
    <level value="ALL" />
    <appender-ref ref="FileAppender" />
  </root>



</log4net>
